{
    "rameau-mllm-fr.json": {
        "Precision_doc_avg": 0.2393533666391073,
        "Recall_doc_avg": 0.17157696939189368,
        "F1_score_doc_avg": 0.1792503483560438,
        "Precision_subj_avg": 0.02532555115019229,
        "Recall_subj_avg": 0.01791805003676863,
        "F1_score_subj_avg": 0.019028536118229182,
        "Precision_weighted_subj_avg": 0.27635114530415683,
        "Recall_weighted_subj_avg": 0.1443425347452996,
        "F1_score_weighted_subj_avg": 0.16694549334109485,
        "Precision_microavg": 0.38198162986124684,
        "Recall_microavg": 0.1443425347452996,
        "F1_score_microavg": 0.20951421343737942,
        "F1@5": 0.17934541313466323,
        "NDCG": 0.19063515961170197,
        "NDCG@5": 0.19171032309532166,
        "NDCG@10": 0.19064751267433167,
        "Precision@1": 0.2681566309567787,
        "Precision@3": 0.24086319418790791,
        "Precision@5": 0.2395209949513607,
        "True_positives": 9773,
        "False_positives": 15812,
        "False_negatives": 57934,
        "Documents_evaluated": 27070
    },
    "rameau-tfidf-snowball-fr.json": {
        "Precision_doc_avg": 0.12882369928638862,
        "Recall_doc_avg": 0.5278674600303408,
        "F1_score_doc_avg": 0.19333392359100954,
        "Precision_subj_avg": 0.024571609443821082,
        "Recall_subj_avg": 0.052584938071034676,
        "F1_score_subj_avg": 0.028848476895531373,
        "Precision_weighted_subj_avg": 0.20842883496037395,
        "Recall_weighted_subj_avg": 0.47828141846485595,
        "F1_score_weighted_subj_avg": 0.26290995862717426,
        "Precision_microavg": 0.1267004972866382,
        "Recall_microavg": 0.47828141846485595,
        "F1_score_microavg": 0.20033158672910725,
        "F1@5": 0.25437580477122784,
        "NDCG": 0.4509288966655731,
        "NDCG@5": 0.4170965552330017,
        "NDCG@10": 0.4509790539741516,
        "Precision@1": 0.43405984484669374,
        "Precision@3": 0.2653490949390469,
        "Precision@5": 0.19847617288511268,
        "True_positives": 32383,
        "False_positives": 223204,
        "False_negatives": 35324,
        "Documents_evaluated": 27070
    },
    "rameau-pav-mllmSpacy-allButFastext-fr.json": {
        "Precision_doc_avg": 0.13913162486741712,
        "Recall_doc_avg": 0.5624975744119828,
        "F1_score_doc_avg": 0.2120638501487111,
        "Precision_subj_avg": 0.02626061889309886,
        "Recall_subj_avg": 0.05545980418341702,
        "F1_score_subj_avg": 0.030642921027352346,
        "Precision_weighted_subj_avg": 0.23677166617063639,
        "Recall_weighted_subj_avg": 0.5228482526294135,
        "F1_score_weighted_subj_avg": 0.29472321546908237,
        "Precision_microavg": 0.13913638541025114,
        "Recall_microavg": 0.5228482526294135,
        "F1_score_microavg": 0.2197852089267473,
        "F1@5": 0.29994679641943334,
        "NDCG": 0.5028125047683716,
        "NDCG@5": 0.4765508770942688,
        "NDCG@10": 0.5028856992721558,
        "Precision@1": 0.5041571149964075,
        "Precision@3": 0.32661580045848015,
        "Precision@5": 0.23772539090566944,
        "True_positives": 40664,
        "False_positives": 251596,
        "False_negatives": 37110,
        "Documents_evaluated": 29227
    },
    "rameau-omikuji-parabel-fr.json": {
        "Precision_doc_avg": 0.35842738696266585,
        "Recall_doc_avg": 0.2611008389877987,
        "F1_score_doc_avg": 0.2798293977812203,
        "Precision_subj_avg": 0.02805927551973741,
        "Recall_subj_avg": 0.014258181100760475,
        "F1_score_subj_avg": 0.017327181919693374,
        "Precision_weighted_subj_avg": 0.4542831463131495,
        "Recall_weighted_subj_avg": 0.22706662531200614,
        "F1_score_weighted_subj_avg": 0.279773958538562,
        "Precision_microavg": 0.6160689240633139,
        "Recall_microavg": 0.22706662531200614,
        "F1_score_microavg": 0.33182966048649926,
        "F1@5": 0.2796630426820485,
        "NDCG": 0.2861163914203644,
        "NDCG@5": 0.2877471446990967,
        "NDCG@10": 0.2861349284648895,
        "Precision@1": 0.37990395271518285,
        "Precision@3": 0.3593091983745844,
        "Precision@5": 0.35845277675163156,
        "True_positives": 15374,
        "False_positives": 9581,
        "False_negatives": 52333,
        "Documents_evaluated": 27070
    },
    "rameau-tfidf-spacy-fr.json": {
        "Precision_doc_avg": 0.1360774588411027,
        "Recall_doc_avg": 0.5002633822501381,
        "F1_score_doc_avg": 0.19773105079698902,
        "Precision_subj_avg": 0.022358501151605543,
        "Recall_subj_avg": 0.04681821601574972,
        "F1_score_subj_avg": 0.026087826917697985,
        "Precision_weighted_subj_avg": 0.2184128983633111,
        "Recall_weighted_subj_avg": 0.4543701055717721,
        "F1_score_weighted_subj_avg": 0.265633874316394,
        "Precision_microavg": 0.13214236296797693,
        "Recall_microavg": 0.4543701055717721,
        "F1_score_microavg": 0.20474087980345804,
        "F1@5": 0.2529895223946445,
        "NDCG": 0.4325934648513794,
        "NDCG@5": 0.3996754288673401,
        "NDCG@10": 0.432659387588501,
        "Precision@1": 0.4311311722062645,
        "Precision@3": 0.2688471709296494,
        "Precision@5": 0.20321262481192723,
        "True_positives": 35335,
        "False_positives": 232066,
        "False_negatives": 42432,
        "Documents_evaluated": 29244
    },
    "rameau-omikuji-snowball-fr.json": {
        "Precision_doc_avg": 0.3578741562507463,
        "Recall_doc_avg": 0.250555554815403,
        "F1_score_doc_avg": 0.2714542748512337,
        "Precision_subj_avg": 0.01705624279662081,
        "Recall_subj_avg": 0.008311110985489313,
        "F1_score_subj_avg": 0.010202676141367483,
        "Precision_weighted_subj_avg": 0.45990267429553866,
        "Recall_weighted_subj_avg": 0.22267081543960707,
        "F1_score_weighted_subj_avg": 0.276219221920927,
        "Precision_microavg": 0.6107349414585979,
        "Recall_microavg": 0.22267081543960707,
        "F1_score_microavg": 0.32635447093187603,
        "F1@5": 0.27128108731140693,
        "NDCG": 0.2772904932498932,
        "NDCG@5": 0.2794216275215149,
        "NDCG@10": 0.27730804681777954,
        "Precision@1": 0.3800437696621529,
        "Precision@3": 0.3591050015957689,
        "Precision@5": 0.35790931473122695,
        "True_positives": 17318,
        "False_positives": 11038,
        "False_negatives": 60456,
        "Documents_evaluated": 29244
    },
    "rameau-fasttext-fr.json": {
        "Precision_doc_avg": 0.17150526603747776,
        "Recall_doc_avg": 0.09895687955033461,
        "F1_score_doc_avg": 0.11602244755199206,
        "Precision_subj_avg": 0.0075275327555974665,
        "Recall_subj_avg": 0.0023406312158754244,
        "F1_score_subj_avg": 0.003226265542552171,
        "Precision_weighted_subj_avg": 0.25925262158716594,
        "Recall_weighted_subj_avg": 0.07215142669769954,
        "F1_score_weighted_subj_avg": 0.1031730581321473,
        "Precision_microavg": 0.5474680456629916,
        "Recall_microavg": 0.07215142669769954,
        "F1_score_microavg": 0.12749954553717507,
        "F1@5": 0.11602244755199206,
        "NDCG": 0.11486543715000153,
        "NDCG@5": 0.1153520718216896,
        "NDCG@10": 0.1148686334490776,
        "Precision@1": 0.17401860210641498,
        "Precision@3": 0.17150526603747776,
        "Precision@5": 0.17150526603747776,
        "True_positives": 5611,
        "False_positives": 4638,
        "False_negatives": 72156,
        "Documents_evaluated": 29244
    },
    "rameau-pav-allButFastext-fr.json": {
        "Precision_doc_avg": 0.13632942142539434,
        "Recall_doc_avg": 0.5503364848746068,
        "F1_score_doc_avg": 0.20770797431213142,
        "Precision_subj_avg": 0.027645902913407894,
        "Recall_subj_avg": 0.049026437876753294,
        "F1_score_subj_avg": 0.030910493682744265,
        "Precision_weighted_subj_avg": 0.22468035592029925,