{
  "Precision_doc_avg": 0.13632942142539434,
  "Recall_doc_avg": 0.5503364848746068,
  "F1_score_doc_avg": 0.20770797431213142,
  "Precision_subj_avg": 0.027645902913407894,
  "Recall_subj_avg": 0.049026437876753294,
  "F1_score_subj_avg": 0.030910493682744265,
  "Precision_weighted_subj_avg": 0.22468035592029925,
  "Recall_weighted_subj_avg": 0.5123177411474271,
  "F1_score_weighted_subj_avg": 0.28095311859894534,
  "Precision_microavg": 0.1363340860877301,
  "Recall_microavg": 0.5123177411474271,
  "F1_score_microavg": 0.21535858867023025,
  "F1@5": 0.2941183414136331,
  "NDCG": 0.49610334634780884,
  "NDCG@5": 0.4707873463630676,
  "NDCG@10": 0.4961850643157959,
  "Precision@1": 0.5043966195641016,
  "Precision@3": 0.32296620704599627,
  "Precision@5": 0.23327744893420468,
  "True_positives": 39845,
  "False_positives": 252415,
  "False_negatives": 37929,
  "Documents_evaluated": 29227
}