{
  "Precision_doc_avg": 0.36270147647779716,
  "Recall_doc_avg": 0.2667636405584318,
  "F1_score_doc_avg": 0.28115048402856985,
  "Precision_subj_avg": 0.03219550873986881,
  "Recall_subj_avg": 0.019220466189313744,
  "F1_score_subj_avg": 0.021935078097984527,
  "Precision_weighted_subj_avg": 0.4475600408811709,
  "Recall_weighted_subj_avg": 0.2240093343376608,
  "F1_score_weighted_subj_avg": 0.27035190997710506,
  "Precision_microavg": 0.5990836197021764,
  "Recall_microavg": 0.2240093343376608,
  "F1_score_microavg": 0.3260878912968696,
  "F1@5": 0.28115559446219884,
  "NDCG": 0.29199227690696716,
  "NDCG@5": 0.2936048209667206,
  "NDCG@10": 0.29200875759124756,
  "Precision@1": 0.3902475064647211,
  "Precision@3": 0.3643455239502524,
  "Precision@5": 0.36277859869474205,
  "True_positives": 15167,
  "False_positives": 10150,
  "False_negatives": 52540,
  "Documents_evaluated": 27070
}