{
  "Precision_doc_avg": 0.3578741562507463,
  "Recall_doc_avg": 0.250555554815403,
  "F1_score_doc_avg": 0.2714542748512337,
  "Precision_subj_avg": 0.01705624279662081,
  "Recall_subj_avg": 0.008311110985489313,
  "F1_score_subj_avg": 0.010202676141367483,
  "Precision_weighted_subj_avg": 0.45990267429553866,
  "Recall_weighted_subj_avg": 0.22267081543960707,
  "F1_score_weighted_subj_avg": 0.276219221920927,
  "Precision_microavg": 0.6107349414585979,
  "Recall_microavg": 0.22267081543960707,
  "F1_score_microavg": 0.32635447093187603,
  "F1@5": 0.27128108731140693,
  "NDCG": 0.2772904932498932,
  "NDCG@5": 0.2794216275215149,
  "NDCG@10": 0.27730804681777954,
  "Precision@1": 0.3800437696621529,
  "Precision@3": 0.3591050015957689,
  "Precision@5": 0.35790931473122695,
  "True_positives": 17318,
  "False_positives": 11038,
  "False_negatives": 60456,
  "Documents_evaluated": 29244
}