{
  "Precision_doc_avg": 0.2393533666391073,
  "Recall_doc_avg": 0.17157696939189368,
  "F1_score_doc_avg": 0.1792503483560438,
  "Precision_subj_avg": 0.02532555115019229,
  "Recall_subj_avg": 0.01791805003676863,
  "F1_score_subj_avg": 0.019028536118229182,
  "Precision_weighted_subj_avg": 0.27635114530415683,
  "Recall_weighted_subj_avg": 0.1443425347452996,
  "F1_score_weighted_subj_avg": 0.16694549334109485,
  "Precision_microavg": 0.38198162986124684,
  "Recall_microavg": 0.1443425347452996,
  "F1_score_microavg": 0.20951421343737942,
  "F1@5": 0.17934541313466323,
  "NDCG": 0.19063515961170197,
  "NDCG@5": 0.19171032309532166,
  "NDCG@10": 0.19064751267433167,
  "Precision@1": 0.2681566309567787,
  "Precision@3": 0.24086319418790791,
  "Precision@5": 0.2395209949513607,
  "True_positives": 9773,
  "False_positives": 15812,
  "False_negatives": 57934,
  "Documents_evaluated": 27070
}