{
  "Precision_doc_avg": 0.8968731698876643,
  "Recall_doc_avg": 0.8014688825794408,
  "F1_score_doc_avg": 0.8267797251850966,
  "Precision_subj_avg": 0.12463864074695086,
  "Recall_subj_avg": 0.10101929980451106,
  "F1_score_subj_avg": 0.10910498725652089,
  "Precision_weighted_subj_avg": 0.9345406682514863,
  "Recall_weighted_subj_avg": 0.7790501842328051,
  "F1_score_weighted_subj_avg": 0.8389454153714815,
  "Precision_microavg": 0.9484823475469968,
  "Recall_microavg": 0.7790501842328051,
  "F1_score_microavg": 0.8554575199076324,
  "F1@5": 0.8238688131610349,
  "NDCG": 0.8300463557243347,
  "NDCG@5": 0.8352228999137878,
  "NDCG@10": 0.8302404284477234,
  "Precision@1": 0.9168104136719374,
  "Precision@3": 0.8995461321407656,
  "Precision@5": 0.8970945802055051,
  "True_positives": 258580,
  "False_positives": 14045,
  "False_negatives": 73337,
  "Documents_evaluated": 125220
}