{
  "Precision_doc_avg": 0.20015977833064777,
  "Recall_doc_avg": 0.5893809893133263,
  "F1_score_doc_avg": 0.2787503479149483,
  "Precision_subj_avg": 0.02775821313957318,
  "Recall_subj_avg": 0.05484806922733793,
  "F1_score_subj_avg": 0.03344871368148863,
  "Precision_weighted_subj_avg": 0.2359236473864017,
  "Recall_weighted_subj_avg": 0.5497981330521768,
  "F1_score_weighted_subj_avg": 0.31512825919968684,
  "Precision_microavg": 0.18880170963568688,
  "Recall_microavg": 0.5497981330521768,
  "F1_score_microavg": 0.28108001511889696,
  "F1@5": 0.33166689582319503,
  "NDCG": 0.5241072177886963,
  "NDCG@5": 0.4986304044723511,
  "NDCG@10": 0.5241943597793579,
  "Precision@1": 0.5114448968419611,
  "Precision@3": 0.34883270035697583,
  "Precision@5": 0.26884387723680164,
  "True_positives": 42760,
  "False_positives": 183721,
  "False_negatives": 35014,
  "Documents_evaluated": 29227
}