{
  "Precision_doc_avg": 0.17511544826185402,
  "Recall_doc_avg": 0.5984984738875213,
  "F1_score_doc_avg": 0.25584531442376934,
  "Precision_subj_avg": 0.026741516418570314,
  "Recall_subj_avg": 0.056239128126570774,
  "F1_score_subj_avg": 0.03277177236177928,
  "Precision_weighted_subj_avg": 0.21656623716573872,
  "Recall_weighted_subj_avg": 0.5567156119011495,
  "F1_score_weighted_subj_avg": 0.2962250360254618,
  "Precision_microavg": 0.1682325057310487,
  "Recall_microavg": 0.5567156119011495,
  "F1_score_microavg": 0.25838445563698,
  "F1@5": 0.3192419513385399,
  "NDCG": 0.5216130018234253,
  "NDCG@5": 0.4899050295352936,
  "NDCG@10": 0.5216957926750183,
  "Precision@1": 0.5003592568515414,
  "Precision@3": 0.334912922982174,
  "Precision@5": 0.25430252848393614,
  "True_positives": 43298,
  "False_positives": 214072,
  "False_negatives": 34476,
  "Documents_evaluated": 29227
}