{
  "Precision_doc_avg": 0.8893039425214797,
  "Recall_doc_avg": 0.9474632777553633,
  "F1_score_doc_avg": 0.9020581539948355,
  "Precision_subj_avg": 0.12304599737361095,
  "Recall_subj_avg": 0.12078842746568166,
  "F1_score_subj_avg": 0.12109614530860811,
  "Precision_weighted_subj_avg": 0.8703624227230397,
  "Recall_weighted_subj_avg": 0.9406387741513692,
  "F1_score_weighted_subj_avg": 0.9012895584251011,
  "Precision_microavg": 0.8757952492622555,
  "Recall_microavg": 0.9406387741513692,
  "F1_score_microavg": 0.9070596113647555,
  "F1@5": 0.8979110125843384,
  "NDCG": 0.9534573554992676,
  "NDCG@5": 0.9548899531364441,
  "NDCG@10": 0.953683614730835,
  "Precision@1": 0.97747963584092,
  "Precision@3": 0.9148059415428845,
  "Precision@5": 0.8939075227599426,
  "True_positives": 312214,
  "False_positives": 44278,
  "False_negatives": 19703,
  "Documents_evaluated": 125220
}