{
  "Precision_doc_avg": 0.12882369928638862,
  "Recall_doc_avg": 0.5278674600303408,
  "F1_score_doc_avg": 0.19333392359100954,
  "Precision_subj_avg": 0.024571609443821082,
  "Recall_subj_avg": 0.052584938071034676,
  "F1_score_subj_avg": 0.028848476895531373,
  "Precision_weighted_subj_avg": 0.20842883496037395,
  "Recall_weighted_subj_avg": 0.47828141846485595,
  "F1_score_weighted_subj_avg": 0.26290995862717426,
  "Precision_microavg": 0.1267004972866382,
  "Recall_microavg": 0.47828141846485595,
  "F1_score_microavg": 0.20033158672910725,
  "F1@5": 0.25437580477122784,
  "NDCG": 0.4509288966655731,
  "NDCG@5": 0.4170965552330017,
  "NDCG@10": 0.4509790539741516,
  "Precision@1": 0.43405984484669374,
  "Precision@3": 0.2653490949390469,
  "Precision@5": 0.19847617288511268,
  "True_positives": 32383,
  "False_positives": 223204,
  "False_negatives": 35324,
  "Documents_evaluated": 27070
}