{
  "Precision_doc_avg": 0.1360774588411027,
  "Recall_doc_avg": 0.5002633822501381,
  "F1_score_doc_avg": 0.19773105079698902,
  "Precision_subj_avg": 0.022358501151605543,
  "Recall_subj_avg": 0.04681821601574972,
  "F1_score_subj_avg": 0.026087826917697985,
  "Precision_weighted_subj_avg": 0.2184128983633111,
  "Recall_weighted_subj_avg": 0.4543701055717721,
  "F1_score_weighted_subj_avg": 0.265633874316394,
  "Precision_microavg": 0.13214236296797693,
  "Recall_microavg": 0.4543701055717721,
  "F1_score_microavg": 0.20474087980345804,
  "F1@5": 0.2529895223946445,
  "NDCG": 0.4325934648513794,
  "NDCG@5": 0.3996754288673401,
  "NDCG@10": 0.432659387588501,
  "Precision@1": 0.4311311722062645,
  "Precision@3": 0.2688471709296494,
  "Precision@5": 0.20321262481192723,
  "True_positives": 35335,
  "False_positives": 232066,
  "False_negatives": 42432,
  "Documents_evaluated": 29244
}