{
  "Precision_doc_avg": 0.2152499188729424,
  "Recall_doc_avg": 0.7380975159468555,
  "F1_score_doc_avg": 0.30517354576904987,
  "Precision_subj_avg": 0.07194558017750256,
  "Recall_subj_avg": 0.15070128843926858,
  "F1_score_subj_avg": 0.08764181484414615,
  "Precision_weighted_subj_avg": 0.31120878648385575,
  "Recall_weighted_subj_avg": 0.6975267913363883,
  "F1_score_weighted_subj_avg": 0.3970695628102544,
  "Precision_microavg": 0.20026555485394484,
  "Recall_microavg": 0.6975267913363883,
  "F1_score_microavg": 0.31118685848733896,
  "F1@5": 0.41380217418540655,
  "NDCG": 0.6950743198394775,
  "NDCG@5": 0.6661623120307922,
  "NDCG@10": 0.6952547430992126,
  "Precision@1": 0.7486823191183517,
  "Precision@3": 0.46710988659958474,
  "Precision@5": 0.33914603630942874,
  "True_positives": 231521,
  "False_positives": 924549,
  "False_negatives": 100396,
  "Documents_evaluated": 125220
}