{
  "Precision_doc_avg": 0.238993688568437,
  "Recall_doc_avg": 0.1603742084890989,
  "F1_score_doc_avg": 0.17190285427313576,
  "Precision_subj_avg": 0.02840292856519106,
  "Recall_subj_avg": 0.016136741798159195,
  "F1_score_subj_avg": 0.018452418002669314,
  "Precision_weighted_subj_avg": 0.3007789742406335,
  "Recall_weighted_subj_avg": 0.13628407101775444,
  "F1_score_weighted_subj_avg": 0.1611405161228036,
  "Precision_microavg": 0.39346073221011246,
  "Recall_microavg": 0.13628407101775444,
  "F1_score_microavg": 0.20244627241073748,
  "F1@5": 0.17195757260782257,
  "NDCG": 0.1813494712114334,
  "NDCG@5": 0.1827704906463623,
  "NDCG@10": 0.18138092756271362,
  "Precision@1": 0.2701964542405367,
  "Precision@3": 0.2408214875153064,
  "Precision@5": 0.2391506947771921,
  "True_positives": 45235,
  "False_positives": 69732,
  "False_negatives": 286682,
  "Documents_evaluated": 125220
}