{
  "Precision_doc_avg": 0.3423757389929938,
  "Recall_doc_avg": 0.22401411678186403,
  "F1_score_doc_avg": 0.24885034170528633,
  "Precision_subj_avg": 0.01813510084694818,
  "Recall_subj_avg": 0.009877484666750834,
  "F1_score_subj_avg": 0.011524526524526409,
  "Precision_weighted_subj_avg": 0.4567955959629173,
  "Recall_weighted_subj_avg": 0.19208218684907552,
  "F1_score_weighted_subj_avg": 0.243341848088231,
  "Precision_microavg": 0.6057006162828414,
  "Recall_microavg": 0.19208218684907552,
  "F1_score_microavg": 0.29166910716726213,
  "F1@5": 0.24880873137182125,
  "NDCG": 0.252932608127594,
  "NDCG@5": 0.2547772526741028,
  "NDCG@10": 0.2529522478580475,
  "Precision@1": 0.36294624538366843,
  "Precision@3": 0.34310171887110746,
  "Precision@5": 0.34241154880773267,
  "True_positives": 14939,
  "False_positives": 9725,
  "False_negatives": 62835,
  "Documents_evaluated": 29244
}