{
  "Precision_doc_avg": 0.17150526603747776,
  "Recall_doc_avg": 0.09895687955033461,
  "F1_score_doc_avg": 0.11602244755199206,
  "Precision_subj_avg": 0.0075275327555974665,
  "Recall_subj_avg": 0.0023406312158754244,
  "F1_score_subj_avg": 0.003226265542552171,
  "Precision_weighted_subj_avg": 0.25925262158716594,
  "Recall_weighted_subj_avg": 0.07215142669769954,
  "F1_score_weighted_subj_avg": 0.1031730581321473,
  "Precision_microavg": 0.5474680456629916,
  "Recall_microavg": 0.07215142669769954,
  "F1_score_microavg": 0.12749954553717507,
  "F1@5": 0.11602244755199206,
  "NDCG": 0.11486543715000153,
  "NDCG@5": 0.1153520718216896,
  "NDCG@10": 0.1148686334490776,
  "Precision@1": 0.17401860210641498,
  "Precision@3": 0.17150526603747776,
  "Precision@5": 0.17150526603747776,
  "True_positives": 5611,
  "False_positives": 4638,
  "False_negatives": 72156,
  "Documents_evaluated": 29244
}