{
  "Precision_doc_avg": 0.2562297657709733,
  "Recall_doc_avg": 0.17515077877769356,
  "F1_score_doc_avg": 0.1859022416949766,
  "Precision_subj_avg": 0.030449110156961445,
  "Recall_subj_avg": 0.017777442771102995,
  "F1_score_subj_avg": 0.020191400227984078,
  "Precision_weighted_subj_avg": 0.31719774405791074,
  "Recall_weighted_subj_avg": 0.14905834892458053,
  "F1_score_weighted_subj_avg": 0.17550541850158308,
  "Precision_microavg": 0.39921407880191395,
  "Recall_microavg": 0.14905834892458053,
  "F1_score_microavg": 0.21706797002509606,
  "F1@5": 0.18600544789607285,
  "NDCG": 0.1973436176776886,
  "NDCG@5": 0.19886089861392975,
  "NDCG@10": 0.19737206399440765,
  "Precision@1": 0.2918463504232551,
  "Precision@3": 0.2586128413991376,
  "Precision@5": 0.256441063727839,
  "True_positives": 49475,
  "False_positives": 74456,
  "False_negatives": 282442,
  "Documents_evaluated": 125220
}