{
  "Precision_doc_avg": 0.20326064856012152,
  "Recall_doc_avg": 0.744196811526711,
  "F1_score_doc_avg": 0.2962065789758212,
  "Precision_subj_avg": 0.07320328277849747,
  "Recall_subj_avg": 0.15052407986214494,
  "F1_score_subj_avg": 0.0889424352206543,
  "Precision_weighted_subj_avg": 0.29778303127999534,
  "Recall_weighted_subj_avg": 0.7031607299415216,
  "F1_score_weighted_subj_avg": 0.38778762117352394,
  "Precision_microavg": 0.19542140306925587,
  "Recall_microavg": 0.7031607299415216,
  "F1_score_microavg": 0.3058432866185782,
  "F1@5": 0.4091177661952158,
  "NDCG": 0.696868360042572,
  "NDCG@5": 0.6659629940986633,
  "NDCG@10": 0.6970475316047668,
  "Precision@1": 0.7462226481392749,
  "Precision@3": 0.4608143001650429,
  "Precision@5": 0.3315520683596869,
  "True_positives": 233391,
  "False_positives": 960905,
  "False_negatives": 98526,
  "Documents_evaluated": 125220
}