{
  "Precision_doc_avg": 0.8929414484475577,
  "Recall_doc_avg": 0.7905132752495228,
  "F1_score_doc_avg": 0.8185917818847658,
  "Precision_subj_avg": 0.12134906223197121,
  "Recall_subj_avg": 0.09674656253049294,
  "F1_score_subj_avg": 0.10512568482366605,
  "Precision_weighted_subj_avg": 0.934351744368024,
  "Recall_weighted_subj_avg": 0.7687102498516195,
  "F1_score_weighted_subj_avg": 0.8324213797121811,
  "Precision_microavg": 0.9512106921169869,
  "Recall_microavg": 0.7687102498516195,
  "F1_score_microavg": 0.8502779295911702,
  "F1@5": 0.8157748918670849,
  "NDCG": 0.8203662037849426,
  "NDCG@5": 0.8255872130393982,
  "NDCG@10": 0.8205580115318298,
  "Precision@1": 0.9110046318479477,
  "Precision@3": 0.8953242293563327,
  "Precision@5": 0.8931625672150347,
  "True_positives": 255148,
  "False_positives": 13087,
  "False_negatives": 76769,
  "Documents_evaluated": 125220
}