{
  "Precision_doc_avg": 0.08237133689711786,
  "Recall_doc_avg": 0.3307689475633205,
  "F1_score_doc_avg": 0.12468051691613453,
  "Precision_subj_avg": 0.02078188834155036,
  "Recall_subj_avg": 0.03608003031746949,
  "F1_score_subj_avg": 0.021996487630995033,
  "Precision_weighted_subj_avg": 0.17547571109353932,
  "Recall_weighted_subj_avg": 0.29976598863373366,
  "F1_score_weighted_subj_avg": 0.16835169298291658,
  "Precision_microavg": 0.08182303146013786,
  "Recall_microavg": 0.29976598863373366,
  "F1_score_microavg": 0.1285559102964936,
  "F1@5": 0.17650704389062388,
  "NDCG": 0.306471049785614,
  "NDCG@5": 0.29329612851142883,
  "NDCG@10": 0.3065173923969269,
  "Precision@1": 0.3430389708146577,
  "Precision@3": 0.1971863915785632,
  "Precision@5": 0.1396020802682451,
  "True_positives": 23314,
  "False_positives": 261618,
  "False_negatives": 54460,
  "Documents_evaluated": 29227
}