{
  "Precision_doc_avg": 0.1482875423409861,
  "Recall_doc_avg": 0.6003384535520031,
  "F1_score_doc_avg": 0.22607677323820696,
  "Precision_subj_avg": 0.024194823518084187,
  "Recall_subj_avg": 0.051296579775651684,
  "F1_score_subj_avg": 0.028764509308283327,
  "Precision_weighted_subj_avg": 0.20920432310963355,
  "Recall_weighted_subj_avg": 0.5572556381309949,
  "F1_score_weighted_subj_avg": 0.2808967199145944,
  "Precision_microavg": 0.14829261616368986,
  "Recall_microavg": 0.5572556381309949,
  "F1_score_microavg": 0.23424874470994558,
  "F1@5": 0.3096251840526013,
  "NDCG": 0.5241383910179138,
  "NDCG@5": 0.4894895553588867,
  "NDCG@10": 0.5242186188697815,
  "Precision@1": 0.5116159715331714,
  "Precision@3": 0.3331052337450531,
  "Precision@5": 0.2447462962329353,
  "True_positives": 43340,
  "False_positives": 248920,
  "False_negatives": 34434,
  "Documents_evaluated": 29227
}