{
  "Precision_doc_avg": 0.2975288347083692,
  "Recall_doc_avg": 0.2260028565819109,
  "F1_score_doc_avg": 0.23102739570381942,
  "Precision_subj_avg": 0.034130915840794813,
  "Recall_subj_avg": 0.026107955011173602,
  "F1_score_subj_avg": 0.02692806444792635,
  "Precision_weighted_subj_avg": 0.33862125043967545,
  "Recall_weighted_subj_avg": 0.1882375529856588,
  "F1_score_weighted_subj_avg": 0.21222835136282908,
  "Precision_microavg": 0.44890986580254305,
  "Recall_microavg": 0.1882375529856588,
  "F1_score_microavg": 0.2652500572332411,
  "F1@5": 0.23114394627008983,
  "NDCG": 0.24606932699680328,
  "NDCG@5": 0.24726653099060059,
  "NDCG@10": 0.24608691036701202,
  "Precision@1": 0.3310306612486147,
  "Precision@3": 0.29963058736608794,
  "Precision@5": 0.29779522226326804,
  "True_positives": 12745,
  "False_positives": 15646,
  "False_negatives": 54962,
  "Documents_evaluated": 27070
}