{
  "Precision_doc_avg": 0.35842738696266585,
  "Recall_doc_avg": 0.2611008389877987,
  "F1_score_doc_avg": 0.2798293977812203,
  "Precision_subj_avg": 0.02805927551973741,
  "Recall_subj_avg": 0.014258181100760475,
  "F1_score_subj_avg": 0.017327181919693374,
  "Precision_weighted_subj_avg": 0.4542831463131495,
  "Recall_weighted_subj_avg": 0.22706662531200614,
  "F1_score_weighted_subj_avg": 0.279773958538562,
  "Precision_microavg": 0.6160689240633139,
  "Recall_microavg": 0.22706662531200614,
  "F1_score_microavg": 0.33182966048649926,
  "F1@5": 0.2796630426820485,
  "NDCG": 0.2861163914203644,
  "NDCG@5": 0.2877471446990967,
  "NDCG@10": 0.2861349284648895,
  "Precision@1": 0.37990395271518285,
  "Precision@3": 0.3593091983745844,
  "Precision@5": 0.35845277675163156,
  "True_positives": 15374,
  "False_positives": 9581,
  "False_negatives": 52333,
  "Documents_evaluated": 27070
}