{
  "Precision_doc_avg": 0.13913162486741712,
  "Recall_doc_avg": 0.5624975744119828,
  "F1_score_doc_avg": 0.2120638501487111,
  "Precision_subj_avg": 0.02626061889309886,
  "Recall_subj_avg": 0.05545980418341702,
  "F1_score_subj_avg": 0.030642921027352346,
  "Precision_weighted_subj_avg": 0.23677166617063639,
  "Recall_weighted_subj_avg": 0.5228482526294135,
  "F1_score_weighted_subj_avg": 0.29472321546908237,
  "Precision_microavg": 0.13913638541025114,
  "Recall_microavg": 0.5228482526294135,
  "F1_score_microavg": 0.2197852089267473,
  "F1@5": 0.29994679641943334,
  "NDCG": 0.5028125047683716,
  "NDCG@5": 0.4765508770942688,
  "NDCG@10": 0.5028856992721558,
  "Precision@1": 0.5041571149964075,
  "Precision@3": 0.32661580045848015,
  "Precision@5": 0.23772539090566944,
  "True_positives": 40664,
  "False_positives": 251596,
  "False_negatives": 37110,
  "Documents_evaluated": 29227
}