{
  "Precision_doc_avg": 0.2984174626629374,
  "Recall_doc_avg": 0.2422237071101127,
  "F1_score_doc_avg": 0.24210234291164826,
  "Precision_subj_avg": 0.016037178742056016,
  "Recall_subj_avg": 0.009540192763561817,
  "F1_score_subj_avg": 0.010804072045336765,
  "Precision_weighted_subj_avg": 0.2812688551396825,
  "Recall_weighted_subj_avg": 0.19950669797805248,
  "F1_score_weighted_subj_avg": 0.20952496626773193,
  "Precision_microavg": 0.39959768074784047,
  "Recall_microavg": 0.19950669797805248,
  "F1_score_microavg": 0.26613864507294777,
  "F1@5": 0.24209926713834712,
  "NDCG": 0.2589823603630066,
  "NDCG@5": 0.26029008626937866,
  "NDCG@10": 0.2589959502220154,
  "Precision@1": 0.3337643147395641,
  "Precision@3": 0.29993227435044945,
  "Precision@5": 0.2984540081270779,
  "True_positives": 13508,
  "False_positives": 20296,
  "False_negatives": 54199,
  "Documents_evaluated": 27070
}