{
  "Precision_doc_avg": 0.07712147552192718,
  "Recall_doc_avg": 0.3145476875383268,
  "F1_score_doc_avg": 0.11725244896770835,
  "Precision_subj_avg": 0.01964764028261537,
  "Recall_subj_avg": 0.03418789393909403,
  "F1_score_subj_avg": 0.02076271408556631,
  "Precision_weighted_subj_avg": 0.16286446234731491,
  "Recall_weighted_subj_avg": 0.28346233959935196,
  "F1_score_weighted_subj_avg": 0.15627944936698746,
  "Precision_microavg": 0.07683059004750073,
  "Recall_microavg": 0.28346233959935196,
  "F1_score_microavg": 0.12089373404584926,
  "F1@5": 0.16598003181560972,
  "NDCG": 0.28918471932411194,
  "NDCG@5": 0.27588823437690735,
  "NDCG@10": 0.2892371714115143,
  "Precision@1": 0.3223047182399836,
  "Precision@3": 0.18448124451135367,
  "Precision@5": 0.1310346597324392,
  "True_positives": 22046,
  "False_positives": 264897,
  "False_negatives": 55728,
  "Documents_evaluated": 29227
}